Id,clave_unica,Happy,Engage,WearingGlasses,LeftEyeClosed,RightEyeClosed,MouthOpen,MouthMoved,LookingAway,Fecha,nombrePC,Resource_Id,No_Usuarios
1,5753C815-44AB-4D8B-B910-84F33AB20BE4,No,Maybe,Yes,No,Yes,No,No,Maybe,"2015-12-16 12:26:00",MCC-05,NULL,3
2,5753C815-44AB-4D8B-B910-84F33AB20BE4,No,Maybe,No,No,Yes,No,Maybe,Maybe,"2015-12-16 12:26:01",MCC-05,NULL,3
3,5753C815-44AB-4D8B-B910-84F33AB20BE4,No,Maybe,Yes,No,No,No,Maybe,Maybe,"2015-12-16 12:26:01",MCC-05,NULL,3
4,5753C815-44AB-4D8B-B910-84F33AB20BE4,No,Yes,No,No,No,No,Yes,No,"2015-12-16 12:26:02",MCC-05,NULL,3
5,5753C815-44AB-4D8B-B910-84F33AB20BE4,Maybe,Maybe,Yes,Maybe,Yes,Yes,Yes,Maybe,"2015-12-16 12:26:02",MCC-05,NULL,0
6,5753C815-44AB-4D8B-B910-84F33AB20BE4,No,No,Yes,Yes,No,Maybe,Maybe,Yes,"2015-12-16 12:26:02",MCC-05,NULL,0
7,5753C815-44AB-4D8B-B910-84F33AB20BE4,Unknown,No,Unknown,Unknown,Unknown,Unknown,Unknown,Yes,"2015-12-16 12:26:03",MCC-05,NULL,0
8,5753C815-44AB-4D8B-B910-84F33AB20BE4,Unknown,No,Unknown,Unknown,Unknown,Unknown,Unknown,Yes,"2015-12-16 12:26:03",MCC-05,NULL,0
9,5753C815-44AB-4D8B-B910-84F33AB20BE4,Unknown,No,Unknown,Unknown,Unknown,Unknown,Unknown,Yes,"2015-12-16 12:26:03",MCC-05,NULL,0
10,5753C815-44AB-4D8B-B910-84F33AB20BE4,No,No,Yes,Yes,Yes,Maybe,Yes,Maybe,"2015-12-16 12:26:03",MCC-05,NULL,0
11,5753C815-44AB-4D8B-B910-84F33AB20BE4,No,Maybe,Yes,Yes,Maybe,Maybe,Yes,Maybe,"2015-12-16 12:26:04",MCC-05,NULL,0
12,5753C815-44AB-4D8B-B910-84F33AB20BE4,No,No,Yes,Yes,Yes,Maybe,Yes,Maybe,"2015-12-16 12:26:04",MCC-05,NULL,0
13,5753C815-44AB-4D8B-B910-84F33AB20BE4,No,Yes,Yes,No,Yes,No,Yes,No,"2015-12-16 12:26:04",MCC-05,NULL,0
14,5753C815-44AB-4D8B-B910-84F33AB20BE4,No,No,Yes,Yes,Yes,No,Yes,No,"2015-12-16 12:26:04",MCC-05,NULL,0
15,5753C815-44AB-4D8B-B910-84F33AB20BE4,No,No,Yes,Yes,Yes,No,Yes,Maybe,"2015-12-16 12:26:05",MCC-05,NULL,0
16,5753C815-44AB-4D8B-B910-84F33AB20BE4,No,No,Yes,Yes,Yes,Maybe,Yes,Maybe,"2015-12-16 12:26:05",MCC-05,NULL,0
17,5753C815-44AB-4D8B-B910-84F33AB20BE4,No,No,Yes,Yes,Yes,Maybe,Yes,Maybe,"2015-12-16 12:26:05",MCC-05,NULL,0
18,5753C815-44AB-4D8B-B910-84F33AB20BE4,No,No,Yes,Yes,Yes,Maybe,Yes,No,"2015-12-16 12:26:06",MCC-05,NULL,0
19,5753C815-44AB-4D8B-B910-84F33AB20BE4,No,Yes,Yes,Yes,Maybe,No,Yes,No,"2015-12-16 12:26:06",MCC-05,NULL,0
20,5753C815-44AB-4D8B-B910-84F33AB20BE4,No,Yes,Yes,Yes,Maybe,No,Yes,No,"2015-12-16 12:26:06",MCC-05,NULL,0
21,5753C815-44AB-4D8B-B910-84F33AB20BE4,No,Yes,Yes,No,No,No,Yes,No,"2015-12-16 12:26:06",MCC-05,NULL,0
22,5753C815-44AB-4D8B-B910-84F33AB20BE4,No,Yes,Yes,No,No,Maybe,Yes,No,"2015-12-16 12:26:07",MCC-05,NULL,0
23,5753C815-44AB-4D8B-B910-84F33AB20BE4,No,Yes,Yes,Maybe,No,No,Yes,No,"2015-12-16 12:26:07",MCC-05,NULL,0
24,5753C815-44AB-4D8B-B910-84F33AB20BE4,No,Yes,Yes,Maybe,No,Maybe,Yes,No,"2015-12-16 12:26:07",MCC-05,NULL,0
25,5753C815-44AB-4D8B-B910-84F33AB20BE4,No,Yes,Yes,No,Maybe,Maybe,Yes,No,"2015-12-16 12:26:07",MCC-05,NULL,0
26,5753C815-44AB-4D8B-B910-84F33AB20BE4,No,Yes,Yes,Yes,Maybe,No,Yes,No,"2015-12-16 12:26:08",MCC-05,NULL,0
27,5753C815-44AB-4D8B-B910-84F33AB20BE4,No,No,Yes,Yes,Yes,No,Yes,Yes,"2015-12-16 12:26:08",MCC-05,NULL,0
28,5753C815-44AB-4D8B-B910-84F33AB20BE4,No,No,Yes,Yes,Yes,No,Yes,Yes,"2015-12-16 12:26:08",MCC-05,NULL,0
29,5753C815-44AB-4D8B-B910-84F33AB20BE4,No,No,Yes,Yes,Yes,No,Yes,Maybe,"2015-12-16 12:26:09",MCC-05,NULL,0
30,5753C815-44AB-4D8B-B910-84F33AB20BE4,No,No,Yes,Yes,Yes,Maybe,Yes,Maybe,"2015-12-16 12:26:09",MCC-05,NULL,0
31,5753C815-44AB-4D8B-B910-84F33AB20BE4,No,Maybe,Yes,No,Maybe,Maybe,Yes,Maybe,"2015-12-16 12:26:09",MCC-05,NULL,0
32,5753C815-44AB-4D8B-B910-84F33AB20BE4,No,Maybe,Yes,Yes,Maybe,Maybe,Yes,Maybe,"2015-12-16 12:26:09",MCC-05,NULL,0
33,5753C815-44AB-4D8B-B910-84F33AB20BE4,No,Maybe,Yes,Yes,No,No,Yes,Maybe,"2015-12-16 12:26:10",MCC-05,NULL,0
34,5753C815-44AB-4D8B-B910-84F33AB20BE4,No,Maybe,Yes,Yes,No,No,Yes,Maybe,"2015-12-16 12:26:10",MCC-05,NULL,0
35,5753C815-44AB-4D8B-B910-84F33AB20BE4,No,No,Yes,No,No,Maybe,Yes,Yes,"2015-12-16 12:26:10",MCC-05,NULL,0
36,5753C815-44AB-4D8B-B910-84F33AB20BE4,No,No,Yes,Yes,No,No,Yes,Yes,"2015-12-16 12:26:10",MCC-05,NULL,0
37,5753C815-44AB-4D8B-B910-84F33AB20BE4,No,Yes,Yes,Yes,Maybe,No,Yes,No,"2015-12-16 12:26:11",MCC-05,NULL,0
38,5753C815-44AB-4D8B-B910-84F33AB20BE4,No,No,Yes,Yes,Yes,No,Yes,No,"2015-12-16 12:26:11",MCC-05,NULL,0
39,5753C815-44AB-4D8B-B910-84F33AB20BE4,No,Yes,Yes,No,No,No,Yes,No,"2015-12-16 12:26:11",MCC-05,NULL,0
40,5753C815-44AB-4D8B-B910-84F33AB20BE4,No,Yes,Yes,Yes,No,No,Yes,No,"2015-12-16 12:26:12",MCC-05,NULL,0
41,5753C815-44AB-4D8B-B910-84F33AB20BE4,No,Yes,Yes,No,No,No,Yes,No,"2015-12-16 12:26:12",MCC-05,NULL,0
42,5753C815-44AB-4D8B-B910-84F33AB20BE4,No,No,Yes,Yes,Yes,No,Yes,No,"2015-12-16 12:26:12",MCC-05,NULL,0
43,5753C815-44AB-4D8B-B910-84F33AB20BE4,No,No,Yes,Yes,Yes,No,Yes,No,"2015-12-16 12:26:12",MCC-05,NULL,0
44,5753C815-44AB-4D8B-B910-84F33AB20BE4,No,Yes,Yes,Yes,Maybe,No,Yes,No,"2015-12-16 12:26:13",MCC-05,NULL,0
45,5753C815-44AB-4D8B-B910-84F33AB20BE4,No,Yes,Yes,No,No,No,Yes,No,"2015-12-16 12:26:13",MCC-05,NULL,0
46,5753C815-44AB-4D8B-B910-84F33AB20BE4,No,Yes,Yes,No,No,No,Yes,No,"2015-12-16 12:26:13",MCC-05,NULL,0
47,5753C815-44AB-4D8B-B910-84F33AB20BE4,No,Yes,Yes,Yes,No,No,Maybe,No,"2015-12-16 12:26:13",MCC-05,NULL,0
48,5753C815-44AB-4D8B-B910-84F33AB20BE4,Yes,No,Yes,Yes,Yes,Yes,Yes,No,"2015-12-16 12:26:14",MCC-05,NULL,0
49,5753C815-44AB-4D8B-B910-84F33AB20BE4,Yes,No,Yes,Yes,Yes,Yes,Yes,No,"2015-12-16 12:26:14",MCC-05,NULL,0
50,5753C815-44AB-4D8B-B910-84F33AB20BE4,Yes,No,Yes,Yes,Yes,Yes,Yes,No,"2015-12-16 12:26:14",MCC-05,NULL,0
51,5753C815-44AB-4D8B-B910-84F33AB20BE4,Yes,No,Yes,Yes,Yes,Yes,Yes,Maybe,"2015-12-16 12:26:15",MCC-05,NULL,0
52,5753C815-44AB-4D8B-B910-84F33AB20BE4,Yes,Maybe,Yes,Yes,No,Yes,No,Maybe,"2015-12-16 12:26:15",MCC-05,NULL,0
53,5753C815-44AB-4D8B-B910-84F33AB20BE4,No,Maybe,No,No,No,Maybe,Yes,Maybe,"2015-12-16 12:26:15",MCC-05,NULL,3
54,5753C815-44AB-4D8B-B910-84F33AB20BE4,No,Maybe,No,No,No,No,Yes,Maybe,"2015-12-16 12:26:16",MCC-05,NULL,3
55,5753C815-44AB-4D8B-B910-84F33AB20BE4,No,No,No,Yes,Maybe,No,Yes,Yes,"2015-12-16 12:26:16",MCC-05,NULL,3
56,5753C815-44AB-4D8B-B910-84F33AB20BE4,No,Maybe,No,No,No,Maybe,Yes,Maybe,"2015-12-16 12:26:16",MCC-05,NULL,3
57,5753C815-44AB-4D8B-B910-84F33AB20BE4,No,Maybe,No,No,No,Maybe,Maybe,Maybe,"2015-12-16 12:26:16",MCC-05,NULL,3
58,5753C815-44AB-4D8B-B910-84F33AB20BE4,No,No,No,No,No,No,Maybe,Yes,"2015-12-16 12:26:17",MCC-05,NULL,3
59,5753C815-44AB-4D8B-B910-84F33AB20BE4,Unknown,No,Unknown,Unknown,Unknown,Unknown,Unknown,Yes,"2015-12-16 12:26:17",MCC-05,NULL,3
60,5753C815-44AB-4D8B-B910-84F33AB20BE4,Unknown,No,Unknown,Unknown,Unknown,Unknown,Unknown,Yes,"2015-12-16 12:26:17",MCC-05,NULL,3
61,5753C815-44AB-4D8B-B910-84F33AB20BE4,Unknown,No,Unknown,Unknown,Unknown,Unknown,Unknown,Yes,"2015-12-16 12:26:18",MCC-05,NULL,3
62,5753C815-44AB-4D8B-B910-84F33AB20BE4,Unknown,No,Unknown,Unknown,Unknown,Unknown,Unknown,Yes,"2015-12-16 12:26:18",MCC-05,NULL,3
63,5753C815-44AB-4D8B-B910-84F33AB20BE4,Unknown,No,Unknown,Unknown,Unknown,Unknown,Unknown,Yes,"2015-12-16 12:26:18",MCC-05,NULL,3
64,5753C815-44AB-4D8B-B910-84F33AB20BE4,Unknown,No,Unknown,Unknown,Unknown,Unknown,Unknown,Yes,"2015-12-16 12:26:18",MCC-05,NULL,3
65,5753C815-44AB-4D8B-B910-84F33AB20BE4,No,Maybe,Yes,Yes,Maybe,No,Yes,Maybe,"2015-12-16 12:26:19",MCC-05,NULL,0
66,5753C815-44AB-4D8B-B910-84F33AB20BE4,No,Yes,Maybe,No,No,No,Yes,No,"2015-12-16 12:26:20",MCC-05,NULL,0
67,5753C815-44AB-4D8B-B910-84F33AB20BE4,Unknown,No,Unknown,Unknown,Unknown,Unknown,Unknown,Yes,"2015-12-16 12:26:21",MCC-05,NULL,0
68,5753C815-44AB-4D8B-B910-84F33AB20BE4,Unknown,No,Unknown,Unknown,Unknown,Unknown,Unknown,Yes,"2015-12-16 12:26:22",MCC-05,NULL,0
69,5753C815-44AB-4D8B-B910-84F33AB20BE4,No,No,No,No,No,No,Yes,Yes,"2015-12-16 12:26:23",MCC-05,NULL,0
70,5753C815-44AB-4D8B-B910-84F33AB20BE4,No,Maybe,No,No,No,Yes,Yes,Maybe,"2015-12-16 12:26:23",MCC-05,NULL,0
71,5753C815-44AB-4D8B-B910-84F33AB20BE4,No,Maybe,No,No,No,Yes,Yes,Maybe,"2015-12-16 12:26:24",MCC-05,NULL,0
72,5753C815-44AB-4D8B-B910-84F33AB20BE4,No,Yes,Maybe,No,No,Maybe,Maybe,No,"2015-12-16 12:26:24",MCC-05,NULL,0
73,5753C815-44AB-4D8B-B910-84F33AB20BE4,Maybe,Maybe,No,No,No,Yes,Yes,Maybe,"2015-12-16 12:26:25",MCC-05,NULL,0
74,5753C815-44AB-4D8B-B910-84F33AB20BE4,Unknown,No,Unknown,Unknown,Unknown,Unknown,Unknown,Yes,"2015-12-16 12:26:25",MCC-05,NULL,0
75,5753C815-44AB-4D8B-B910-84F33AB20BE4,No,No,No,No,No,No,No,No,"2015-12-16 12:26:26",MCC-05,NULL,0
76,5753C815-44AB-4D8B-B910-84F33AB20BE4,Unknown,No,Unknown,Unknown,Unknown,Unknown,Unknown,Yes,"2015-12-16 12:26:26",MCC-05,NULL,3
77,5753C815-44AB-4D8B-B910-84F33AB20BE4,Unknown,No,Unknown,Unknown,Unknown,Unknown,Unknown,Yes,"2015-12-16 12:26:27",MCC-05,NULL,3
78,5753C815-44AB-4D8B-B910-84F33AB20BE4,Unknown,No,Unknown,Unknown,Unknown,Unknown,Unknown,Yes,"2015-12-16 12:26:28",MCC-05,NULL,0
79,5753C815-44AB-4D8B-B910-84F33AB20BE4,Unknown,No,Unknown,Unknown,Unknown,Unknown,Unknown,Yes,"2015-12-16 12:26:28",MCC-05,NULL,3
80,5753C815-44AB-4D8B-B910-84F33AB20BE4,Unknown,No,Unknown,Unknown,Unknown,Unknown,Unknown,Yes,"2015-12-16 12:26:29",MCC-05,NULL,3
81,5753C815-44AB-4D8B-B910-84F33AB20BE4,Unknown,No,Unknown,Unknown,Unknown,Unknown,Unknown,Yes,"2015-12-16 12:26:29",MCC-05,NULL,0
82,5753C815-44AB-4D8B-B910-84F33AB20BE4,Unknown,No,Unknown,Unknown,Unknown,Unknown,Unknown,Yes,"2015-12-16 12:26:30",MCC-05,NULL,0
83,5753C815-44AB-4D8B-B910-84F33AB20BE4,Unknown,No,Unknown,Unknown,Unknown,Unknown,Unknown,Yes,"2015-12-16 12:26:32",MCC-05,NULL,4
84,5753C815-44AB-4D8B-B910-84F33AB20BE4,Unknown,No,Unknown,Unknown,Unknown,Unknown,Unknown,Yes,"2015-12-16 12:26:32",MCC-05,NULL,4
85,5753C815-44AB-4D8B-B910-84F33AB20BE4,Unknown,No,Unknown,Unknown,Unknown,Unknown,Unknown,Yes,"2015-12-16 12:26:33",MCC-05,NULL,4
86,5753C815-44AB-4D8B-B910-84F33AB20BE4,No,No,Yes,Maybe,Maybe,No,Yes,Yes,"2015-12-16 12:26:34",MCC-05,NULL,4
87,5753C815-44AB-4D8B-B910-84F33AB20BE4,No,No,Yes,No,No,No,Maybe,Yes,"2015-12-16 12:26:34",MCC-05,NULL,4
88,5753C815-44AB-4D8B-B910-84F33AB20BE4,No,No,Yes,No,No,No,Yes,Yes,"2015-12-16 12:26:35",MCC-05,NULL,4
89,5753C815-44AB-4D8B-B910-84F33AB20BE4,No,Maybe,Yes,No,No,No,Yes,Maybe,"2015-12-16 12:26:35",MCC-05,NULL,4
90,5753C815-44AB-4D8B-B910-84F33AB20BE4,No,Yes,Yes,No,No,No,Yes,No,"2015-12-16 12:26:36",MCC-05,NULL,4
91,5753C815-44AB-4D8B-B910-84F33AB20BE4,No,Yes,Yes,Yes,No,Maybe,Yes,No,"2015-12-16 12:26:36",MCC-05,NULL,4
92,5753C815-44AB-4D8B-B910-84F33AB20BE4,No,Yes,Yes,No,No,Maybe,Yes,No,"2015-12-16 12:26:37",MCC-05,NULL,4
93,5753C815-44AB-4D8B-B910-84F33AB20BE4,No,Yes,Yes,No,Maybe,Maybe,Yes,No,"2015-12-16 12:26:37",MCC-05,NULL,4
94,5753C815-44AB-4D8B-B910-84F33AB20BE4,No,Yes,Yes,Maybe,No,No,Yes,No,"2015-12-16 12:26:37",MCC-05,NULL,4
95,5753C815-44AB-4D8B-B910-84F33AB20BE4,No,Yes,Yes,No,No,No,Yes,No,"2015-12-16 12:26:38",MCC-05,NULL,4
96,5753C815-44AB-4D8B-B910-84F33AB20BE4,No,Yes,Yes,Yes,No,Maybe,Yes,No,"2015-12-16 12:26:38",MCC-05,NULL,4
97,5753C815-44AB-4D8B-B910-84F33AB20BE4,No,No,Maybe,No,No,Maybe,Yes,Yes,"2015-12-16 12:26:39",MCC-05,NULL,5
98,5753C815-44AB-4D8B-B910-84F33AB20BE4,No,No,Yes,Yes,Yes,No,Yes,No,"2015-12-16 12:26:39",MCC-05,NULL,4
99,5753C815-44AB-4D8B-B910-84F33AB20BE4,No,Yes,Yes,Yes,Maybe,Yes,Yes,No,"2015-12-16 12:26:40",MCC-05,NULL,4
100,5753C815-44AB-4D8B-B910-84F33AB20BE4,No,Yes,Yes,Yes,No,Maybe,Yes,No,"2015-12-16 12:26:40",MCC-05,NULL,4
101,5753C815-44AB-4D8B-B910-84F33AB20BE4,No,Maybe,Yes,Yes,No,Maybe,Yes,Maybe,"2015-12-16 12:26:41",MCC-05,NULL,4
102,5753C815-44AB-4D8B-B910-84F33AB20BE4,No,Yes,Yes,Yes,Maybe,No,Yes,No,"2015-12-16 12:26:41",MCC-05,NULL,4
103,5753C815-44AB-4D8B-B910-84F33AB20BE4,No,No,Yes,Yes,Yes,Maybe,Yes,Maybe,"2015-12-16 12:26:41",MCC-05,NULL,4
104,5753C815-44AB-4D8B-B910-84F33AB20BE4,No,Yes,Yes,Yes,No,No,Yes,No,"2015-12-16 12:26:42",MCC-05,NULL,4
105,5753C815-44AB-4D8B-B910-84F33AB20BE4,No,Yes,Yes,No,Maybe,No,Yes,No,"2015-12-16 12:26:42",MCC-05,NULL,4
106,5753C815-44AB-4D8B-B910-84F33AB20BE4,Yes,No,Yes,Yes,Yes,Yes,Yes,No,"2015-12-16 12:26:43",MCC-05,NULL,4
107,5753C815-44AB-4D8B-B910-84F33AB20BE4,Yes,No,Yes,Yes,Yes,Yes,Yes,Maybe,"2015-12-16 12:26:43",MCC-05,NULL,4
108,5753C815-44AB-4D8B-B910-84F33AB20BE4,No,No,No,No,No,No,Yes,Yes,"2015-12-16 12:26:44",MCC-05,NULL,5
109,5753C815-44AB-4D8B-B910-84F33AB20BE4,Unknown,No,Unknown,Unknown,Unknown,Unknown,Unknown,Yes,"2015-12-16 12:26:45",MCC-05,NULL,5
110,5753C815-44AB-4D8B-B910-84F33AB20BE4,No,No,No,No,No,Maybe,Yes,Yes,"2015-12-16 12:26:45",MCC-05,NULL,5
111,5753C815-44AB-4D8B-B910-84F33AB20BE4,Unknown,No,Unknown,Unknown,Unknown,Unknown,Unknown,Yes,"2015-12-16 12:26:46",MCC-05,NULL,4
112,5753C815-44AB-4D8B-B910-84F33AB20BE4,Unknown,No,Unknown,Unknown,Unknown,Unknown,Unknown,Yes,"2015-12-16 12:26:47",MCC-05,NULL,4
113,5753C815-44AB-4D8B-B910-84F33AB20BE4,Unknown,No,Unknown,Unknown,Unknown,Unknown,Unknown,Yes,"2015-12-16 12:26:47",MCC-05,NULL,4
114,5753C815-44AB-4D8B-B910-84F33AB20BE4,No,No,No,No,No,No,No,No,"2015-12-16 12:26:48",MCC-05,NULL,5
115,5753C815-44AB-4D8B-B910-84F33AB20BE4,Unknown,No,Unknown,Unknown,Unknown,Unknown,Unknown,Yes,"2015-12-16 12:26:48",MCC-05,NULL,5
116,5753C815-44AB-4D8B-B910-84F33AB20BE4,Unknown,No,Unknown,Unknown,Unknown,Unknown,Unknown,Yes,"2015-12-16 12:26:49",MCC-05,NULL,4
117,5753C815-44AB-4D8B-B910-84F33AB20BE4,Unknown,No,Unknown,Unknown,Unknown,Unknown,Unknown,Yes,"2015-12-16 12:26:49",MCC-05,NULL,4
118,5753C815-44AB-4D8B-B910-84F33AB20BE4,No,Yes,Yes,No,No,No,Yes,No,"2015-12-16 12:26:50",MCC-05,NULL,4
119,5753C815-44AB-4D8B-B910-84F33AB20BE4,No,No,Yes,Yes,Yes,Maybe,Yes,No,"2015-12-16 12:26:50",MCC-05,NULL,4
120,5753C815-44AB-4D8B-B910-84F33AB20BE4,No,Yes,Yes,No,No,Maybe,Yes,No,"2015-12-16 12:26:51",MCC-05,NULL,4
121,5753C815-44AB-4D8B-B910-84F33AB20BE4,No,Yes,Yes,No,Maybe,Maybe,Yes,No,"2015-12-16 12:26:51",MCC-05,NULL,4
122,5753C815-44AB-4D8B-B910-84F33AB20BE4,No,Yes,Yes,Maybe,Maybe,Maybe,Yes,No,"2015-12-16 12:26:52",MCC-05,NULL,4
123,5753C815-44AB-4D8B-B910-84F33AB20BE4,Maybe,Yes,Yes,No,Maybe,Maybe,Yes,No,"2015-12-16 12:26:52",MCC-05,NULL,4
124,5753C815-44AB-4D8B-B910-84F33AB20BE4,No,Yes,Yes,Yes,Maybe,Maybe,Yes,No,"2015-12-16 12:26:53",MCC-05,NULL,4
125,5753C815-44AB-4D8B-B910-84F33AB20BE4,No,No,Yes,Yes,Yes,Maybe,Yes,No,"2015-12-16 12:26:53",MCC-05,NULL,4
126,5753C815-44AB-4D8B-B910-84F33AB20BE4,No,Maybe,Yes,Yes,Maybe,Maybe,Yes,Maybe,"2015-12-16 12:26:53",MCC-05,NULL,4
127,5753C815-44AB-4D8B-B910-84F33AB20BE4,No,No,Yes,Yes,Yes,Maybe,Yes,No,"2015-12-16 12:26:54",MCC-05,NULL,4
128,5753C815-44AB-4D8B-B910-84F33AB20BE4,No,Yes,Yes,No,Maybe,Yes,Yes,No,"2015-12-16 12:26:54",MCC-05,NULL,4
129,5753C815-44AB-4D8B-B910-84F33AB20BE4,No,Yes,Yes,No,Yes,Maybe,Yes,No,"2015-12-16 12:26:54",MCC-05,NULL,4
130,5753C815-44AB-4D8B-B910-84F33AB20BE4,Unknown,No,Unknown,Unknown,Unknown,Unknown,Unknown,Yes,"2015-12-16 12:26:55",MCC-05,NULL,4
131,5753C815-44AB-4D8B-B910-84F33AB20BE4,Unknown,No,Unknown,Unknown,Unknown,Unknown,Unknown,Yes,"2015-12-16 12:26:55",MCC-05,NULL,4
132,5753C815-44AB-4D8B-B910-84F33AB20BE4,No,Maybe,Yes,No,Maybe,No,Yes,Maybe,"2015-12-16 12:26:56",MCC-05,NULL,4
133,5753C815-44AB-4D8B-B910-84F33AB20BE4,No,No,Yes,Yes,Yes,Maybe,Yes,Yes,"2015-12-16 12:26:56",MCC-05,NULL,4
134,5753C815-44AB-4D8B-B910-84F33AB20BE4,Unknown,No,Unknown,Unknown,Unknown,Unknown,Unknown,Yes,"2015-12-16 12:26:57",MCC-05,NULL,4
135,5753C815-44AB-4D8B-B910-84F33AB20BE4,Unknown,No,Unknown,Unknown,Unknown,Unknown,Unknown,Yes,"2015-12-16 12:26:57",MCC-05,NULL,4
136,5753C815-44AB-4D8B-B910-84F33AB20BE4,Unknown,No,Unknown,Unknown,Unknown,Unknown,Unknown,Yes,"2015-12-16 12:26:58",MCC-05,NULL,5
137,5753C815-44AB-4D8B-B910-84F33AB20BE4,Unknown,No,Unknown,Unknown,Unknown,Unknown,Unknown,Yes,"2015-12-16 12:26:59",MCC-05,NULL,4
138,5753C815-44AB-4D8B-B910-84F33AB20BE4,Unknown,No,Unknown,Unknown,Unknown,Unknown,Unknown,Yes,"2015-12-16 12:26:59",MCC-05,NULL,5
139,5753C815-44AB-4D8B-B910-84F33AB20BE4,No,Maybe,No,No,Maybe,Yes,Yes,Maybe,"2015-12-16 12:27:00",MCC-05,NULL,5
140,5753C815-44AB-4D8B-B910-84F33AB20BE4,Unknown,No,Unknown,Unknown,Unknown,Unknown,Unknown,Yes,"2015-12-16 12:27:01",MCC-05,NULL,5
141,5753C815-44AB-4D8B-B910-84F33AB20BE4,Unknown,No,Unknown,Unknown,Unknown,Unknown,Unknown,Yes,"2015-12-16 12:27:01",MCC-05,NULL,5
142,5753C815-44AB-4D8B-B910-84F33AB20BE4,Unknown,No,Unknown,Unknown,Unknown,Unknown,Unknown,Yes,"2015-12-16 12:27:02",MCC-05,NULL,5
143,5753C815-44AB-4D8B-B910-84F33AB20BE4,Unknown,No,Unknown,Unknown,Unknown,Unknown,Unknown,Yes,"2015-12-16 12:27:02",MCC-05,NULL,5
144,5753C815-44AB-4D8B-B910-84F33AB20BE4,Unknown,No,Unknown,Unknown,Unknown,Unknown,Unknown,Yes,"2015-12-16 12:27:03",MCC-05,NULL,5
145,5753C815-44AB-4D8B-B910-84F33AB20BE4,Unknown,No,Unknown,Unknown,Unknown,Unknown,Unknown,Yes,"2015-12-16 12:27:03",MCC-05,NULL,5
146,5753C815-44AB-4D8B-B910-84F33AB20BE4,No,No,No,No,No,Maybe,Yes,Yes,"2015-12-16 12:27:04",MCC-05,NULL,5
147,5753C815-44AB-4D8B-B910-84F33AB20BE4,No,No,No,No,No,Maybe,Yes,Yes,"2015-12-16 12:27:04",MCC-05,NULL,5
148,5753C815-44AB-4D8B-B910-84F33AB20BE4,Unknown,No,Unknown,Unknown,Unknown,Unknown,Unknown,Yes,"2015-12-16 12:27:05",MCC-05,NULL,5
149,5753C815-44AB-4D8B-B910-84F33AB20BE4,Unknown,No,Unknown,Unknown,Unknown,Unknown,Unknown,Yes,"2015-12-16 12:27:05",MCC-05,NULL,5
150,5753C815-44AB-4D8B-B910-84F33AB20BE4,Unknown,No,Unknown,Unknown,Unknown,Unknown,Unknown,Yes,"2015-12-16 12:27:06",MCC-05,NULL,5
151,5753C815-44AB-4D8B-B910-84F33AB20BE4,Unknown,No,Unknown,Unknown,Unknown,Unknown,Unknown,Yes,"2015-12-16 12:27:06",MCC-05,NULL,4
152,5753C815-44AB-4D8B-B910-84F33AB20BE4,No,No,No,No,No,No,No,No,"2015-12-16 12:27:07",MCC-05,NULL,4
153,5753C815-44AB-4D8B-B910-84F33AB20BE4,Unknown,No,Unknown,Unknown,Unknown,Unknown,Unknown,Yes,"2015-12-16 12:27:07",MCC-05,NULL,4
154,5753C815-44AB-4D8B-B910-84F33AB20BE4,Unknown,No,Unknown,Unknown,Unknown,Unknown,Unknown,Yes,"2015-12-16 12:27:07",MCC-05,NULL,4
155,5753C815-44AB-4D8B-B910-84F33AB20BE4,Unknown,No,Unknown,Unknown,Unknown,Unknown,Unknown,Yes,"2015-12-16 12:27:08",MCC-05,NULL,4
156,5753C815-44AB-4D8B-B910-84F33AB20BE4,Unknown,No,Unknown,Unknown,Unknown,Unknown,Unknown,Yes,"2015-12-16 12:27:08",MCC-05,NULL,5
157,5753C815-44AB-4D8B-B910-84F33AB20BE4,Unknown,No,Unknown,Unknown,Unknown,Unknown,Unknown,Yes,"2015-12-16 12:27:09",MCC-05,NULL,5
158,5753C815-44AB-4D8B-B910-84F33AB20BE4,Unknown,No,Unknown,Unknown,Unknown,Unknown,Unknown,Yes,"2015-12-16 12:27:09",MCC-05,NULL,5
159,5753C815-44AB-4D8B-B910-84F33AB20BE4,Unknown,No,Unknown,Unknown,Unknown,Unknown,Unknown,Yes,"2015-12-16 12:27:10",MCC-05,NULL,5
160,5753C815-44AB-4D8B-B910-84F33AB20BE4,Unknown,No,Unknown,Unknown,Unknown,Unknown,Unknown,Yes,"2015-12-16 12:27:10",MCC-05,NULL,5
161,5753C815-44AB-4D8B-B910-84F33AB20BE4,Unknown,No,Unknown,Unknown,Unknown,Unknown,Unknown,Yes,"2015-12-16 12:27:10",MCC-05,NULL,5
162,5753C815-44AB-4D8B-B910-84F33AB20BE4,Unknown,No,Unknown,Unknown,Unknown,Unknown,Unknown,Yes,"2015-12-16 12:27:11",MCC-05,NULL,5
163,5753C815-44AB-4D8B-B910-84F33AB20BE4,Unknown,No,Unknown,Unknown,Unknown,Unknown,Unknown,Yes,"2015-12-16 12:27:11",MCC-05,NULL,5
164,5753C815-44AB-4D8B-B910-84F33AB20BE4,Unknown,No,Unknown,Unknown,Unknown,Unknown,Unknown,Yes,"2015-12-16 12:27:12",MCC-05,NULL,5
165,5753C815-44AB-4D8B-B910-84F33AB20BE4,Unknown,No,Unknown,Unknown,Unknown,Unknown,Unknown,Yes,"2015-12-16 12:27:12",MCC-05,NULL,5
166,5753C815-44AB-4D8B-B910-84F33AB20BE4,Unknown,No,Unknown,Unknown,Unknown,Unknown,Unknown,Yes,"2015-12-16 12:27:13",MCC-05,NULL,5
167,5753C815-44AB-4D8B-B910-84F33AB20BE4,Unknown,No,Unknown,Unknown,Unknown,Unknown,Unknown,Yes,"2015-12-16 12:27:13",MCC-05,NULL,5
168,5753C815-44AB-4D8B-B910-84F33AB20BE4,Unknown,No,Unknown,Unknown,Unknown,Unknown,Unknown,Yes,"2015-12-16 12:27:14",MCC-05,NULL,5
169,5753C815-44AB-4D8B-B910-84F33AB20BE4,Unknown,No,Unknown,Unknown,Unknown,Unknown,Unknown,Yes,"2015-12-16 12:27:14",MCC-05,NULL,5
170,5753C815-44AB-4D8B-B910-84F33AB20BE4,No,No,No,No,No,No,No,No,"2015-12-16 12:27:14",MCC-05,NULL,5
171,5753C815-44AB-4D8B-B910-84F33AB20BE4,Unknown,No,Unknown,Unknown,Unknown,Unknown,Unknown,Yes,"2015-12-16 12:27:15",MCC-05,NULL,5
172,5753C815-44AB-4D8B-B910-84F33AB20BE4,Unknown,No,Unknown,Unknown,Unknown,Unknown,Unknown,Yes,"2015-12-16 12:27:15",MCC-05,NULL,5
173,5753C815-44AB-4D8B-B910-84F33AB20BE4,Unknown,No,Unknown,Unknown,Unknown,Unknown,Unknown,Yes,"2015-12-16 12:27:15",MCC-05,NULL,5
174,5753C815-44AB-4D8B-B910-84F33AB20BE4,Unknown,No,Unknown,Unknown,Unknown,Unknown,Unknown,Yes,"2015-12-16 12:27:15",MCC-05,NULL,5
175,5753C815-44AB-4D8B-B910-84F33AB20BE4,Unknown,No,Unknown,Unknown,Unknown,Unknown,Unknown,Yes,"2015-12-16 12:27:16",MCC-05,NULL,5
176,5753C815-44AB-4D8B-B910-84F33AB20BE4,Unknown,No,Unknown,Unknown,Unknown,Unknown,Unknown,Yes,"2015-12-16 12:27:16",MCC-05,NULL,5
177,5753C815-44AB-4D8B-B910-84F33AB20BE4,Unknown,No,Unknown,Unknown,Unknown,Unknown,Unknown,Yes,"2015-12-16 12:27:16",MCC-05,NULL,5
178,5753C815-44AB-4D8B-B910-84F33AB20BE4,Unknown,No,Unknown,Unknown,Unknown,Unknown,Unknown,Yes,"2015-12-16 12:27:17",MCC-05,NULL,4
179,5753C815-44AB-4D8B-B910-84F33AB20BE4,Maybe,No,Maybe,Yes,No,Yes,Yes,Yes,"2015-12-16 12:27:17",MCC-05,NULL,5
180,5753C815-44AB-4D8B-B910-84F33AB20BE4,Unknown,No,Unknown,Unknown,Unknown,Unknown,Unknown,Yes,"2015-12-16 12:27:17",MCC-05,NULL,5
181,5753C815-44AB-4D8B-B910-84F33AB20BE4,Unknown,No,Unknown,Unknown,Unknown,Unknown,Unknown,Yes,"2015-12-16 12:27:18",MCC-05,NULL,5
182,5753C815-44AB-4D8B-B910-84F33AB20BE4,Unknown,No,Unknown,Unknown,Unknown,Unknown,Unknown,Yes,"2015-12-16 12:27:18",MCC-05,NULL,4
183,5753C815-44AB-4D8B-B910-84F33AB20BE4,Unknown,No,Unknown,Unknown,Unknown,Unknown,Unknown,Yes,"2015-12-16 12:27:19",MCC-05,NULL,5
184,5753C815-44AB-4D8B-B910-84F33AB20BE4,Unknown,No,Unknown,Unknown,Unknown,Unknown,Unknown,Yes,"2015-12-16 12:27:19",MCC-05,NULL,4
185,5753C815-44AB-4D8B-B910-84F33AB20BE4,No,Yes,Yes,Yes,Maybe,Yes,Yes,No,"2015-12-16 12:27:19",MCC-05,NULL,4
186,5753C815-44AB-4D8B-B910-84F33AB20BE4,No,Yes,Yes,Yes,Maybe,Maybe,Yes,No,"2015-12-16 12:27:20",MCC-05,NULL,4
187,5753C815-44AB-4D8B-B910-84F33AB20BE4,No,Yes,Yes,Yes,No,No,Yes,No,"2015-12-16 12:27:20",MCC-05,NULL,4
188,5753C815-44AB-4D8B-B910-84F33AB20BE4,Unknown,No,Unknown,Unknown,Unknown,Unknown,Unknown,Yes,"2015-12-16 12:27:20",MCC-05,NULL,5
189,5753C815-44AB-4D8B-B910-84F33AB20BE4,Unknown,No,Unknown,Unknown,Unknown,Unknown,Unknown,Yes,"2015-12-16 12:27:21",MCC-05,NULL,5
190,5753C815-44AB-4D8B-B910-84F33AB20BE4,Unknown,No,Unknown,Unknown,Unknown,Unknown,Unknown,Yes,"2015-12-16 12:27:21",MCC-05,NULL,5
191,5753C815-44AB-4D8B-B910-84F33AB20BE4,Unknown,No,Unknown,Unknown,Unknown,Unknown,Unknown,Yes,"2015-12-16 12:27:22",MCC-05,NULL,5
192,5753C815-44AB-4D8B-B910-84F33AB20BE4,Unknown,No,Unknown,Unknown,Unknown,Unknown,Unknown,Yes,"2015-12-16 12:27:22",MCC-05,NULL,5
193,5753C815-44AB-4D8B-B910-84F33AB20BE4,Unknown,No,Unknown,Unknown,Unknown,Unknown,Unknown,Yes,"2015-12-16 12:27:22",MCC-05,NULL,5
194,5753C815-44AB-4D8B-B910-84F33AB20BE4,Unknown,No,Unknown,Unknown,Unknown,Unknown,Unknown,Yes,"2015-12-16 12:27:23",MCC-05,NULL,4
195,5753C815-44AB-4D8B-B910-84F33AB20BE4,Unknown,No,Unknown,Unknown,Unknown,Unknown,Unknown,Yes,"2015-12-16 12:27:23",MCC-05,NULL,5
196,5753C815-44AB-4D8B-B910-84F33AB20BE4,Unknown,No,Unknown,Unknown,Unknown,Unknown,Unknown,Yes,"2015-12-16 12:27:24",MCC-05,NULL,4
197,5753C815-44AB-4D8B-B910-84F33AB20BE4,Unknown,No,Unknown,Unknown,Unknown,Unknown,Unknown,Yes,"2015-12-16 12:27:24",MCC-05,NULL,4
198,5753C815-44AB-4D8B-B910-84F33AB20BE4,Unknown,No,Unknown,Unknown,Unknown,Unknown,Unknown,Yes,"2015-12-16 12:27:25",MCC-05,NULL,5
199,5753C815-44AB-4D8B-B910-84F33AB20BE4,Unknown,No,Unknown,Unknown,Unknown,Unknown,Unknown,Yes,"2015-12-16 12:27:25",MCC-05,NULL,5
200,5753C815-44AB-4D8B-B910-84F33AB20BE4,No,No,Maybe,No,Yes,Yes,Yes,Yes,"2015-12-16 12:27:25",MCC-05,NULL,5
201,5753C815-44AB-4D8B-B910-84F33AB20BE4,Unknown,No,Unknown,Unknown,Unknown,Unknown,Unknown,Yes,"2015-12-16 12:27:26",MCC-05,NULL,5
202,5753C815-44AB-4D8B-B910-84F33AB20BE4,Unknown,No,Unknown,Unknown,Unknown,Unknown,Unknown,Yes,"2015-12-16 12:27:26",MCC-05,NULL,5
203,5753C815-44AB-4D8B-B910-84F33AB20BE4,Unknown,No,Unknown,Unknown,Unknown,Unknown,Unknown,Yes,"2015-12-16 12:27:26",MCC-05,NULL,5
204,5753C815-44AB-4D8B-B910-84F33AB20BE4,Unknown,No,Unknown,Unknown,Unknown,Unknown,Unknown,Yes,"2015-12-16 12:27:27",MCC-05,NULL,4
205,5753C815-44AB-4D8B-B910-84F33AB20BE4,No,No,Yes,No,No,Maybe,Yes,Yes,"2015-12-16 12:27:27",MCC-05,NULL,4
206,5753C815-44AB-4D8B-B910-84F33AB20BE4,No,No,Yes,Yes,Maybe,No,Yes,Yes,"2015-12-16 12:27:28",MCC-05,NULL,4
207,5753C815-44AB-4D8B-B910-84F33AB20BE4,Unknown,No,Unknown,Unknown,Unknown,Unknown,Unknown,Yes,"2015-12-16 12:27:28",MCC-05,NULL,5
208,5753C815-44AB-4D8B-B910-84F33AB20BE4,Unknown,No,Unknown,Unknown,Unknown,Unknown,Unknown,Yes,"2015-12-16 12:27:29",MCC-05,NULL,4
209,5753C815-44AB-4D8B-B910-84F33AB20BE4,No,No,No,No,No,No,No,No,"2015-12-16 12:27:30",MCC-05,NULL,5
210,5753C815-44AB-4D8B-B910-84F33AB20BE4,Unknown,No,Unknown,Unknown,Unknown,Unknown,Unknown,Yes,"2015-12-16 12:27:30",MCC-05,NULL,5
211,5753C815-44AB-4D8B-B910-84F33AB20BE4,Unknown,No,Unknown,Unknown,Unknown,Unknown,Unknown,Yes,"2015-12-16 12:27:31",MCC-05,NULL,4
212,5753C815-44AB-4D8B-B910-84F33AB20BE4,No,No,Yes,Yes,Yes,Maybe,Yes,Yes,"2015-12-16 12:27:32",MCC-05,NULL,4
213,5753C815-44AB-4D8B-B910-84F33AB20BE4,Unknown,No,Unknown,Unknown,Unknown,Unknown,Unknown,Yes,"2015-12-16 12:27:32",MCC-05,NULL,5
214,5753C815-44AB-4D8B-B910-84F33AB20BE4,No,No,Yes,Yes,Yes,No,Yes,Yes,"2015-12-16 12:27:33",MCC-05,NULL,4
215,5753C815-44AB-4D8B-B910-84F33AB20BE4,No,No,Yes,No,Maybe,Maybe,Yes,Yes,"2015-12-16 12:27:33",MCC-05,NULL,4
216,5753C815-44AB-4D8B-B910-84F33AB20BE4,Unknown,No,Unknown,Unknown,Unknown,Unknown,Unknown,Yes,"2015-12-16 12:27:34",MCC-05,NULL,4
217,5753C815-44AB-4D8B-B910-84F33AB20BE4,Unknown,No,Unknown,Unknown,Unknown,Unknown,Unknown,Yes,"2015-12-16 12:27:34",MCC-05,NULL,4
218,5753C815-44AB-4D8B-B910-84F33AB20BE4,Unknown,No,Unknown,Unknown,Unknown,Unknown,Unknown,Yes,"2015-12-16 12:27:34",MCC-05,NULL,5
219,5753C815-44AB-4D8B-B910-84F33AB20BE4,Unknown,No,Unknown,Unknown,Unknown,Unknown,Unknown,Yes,"2015-12-16 12:27:35",MCC-05,NULL,5
220,5753C815-44AB-4D8B-B910-84F33AB20BE4,No,No,Yes,Yes,Yes,Maybe,Yes,Yes,"2015-12-16 12:27:35",MCC-05,NULL,4
221,5753C815-44AB-4D8B-B910-84F33AB20BE4,Unknown,No,Unknown,Unknown,Unknown,Unknown,Unknown,Yes,"2015-12-16 12:27:36",MCC-05,NULL,4
222,5753C815-44AB-4D8B-B910-84F33AB20BE4,Unknown,No,Unknown,Unknown,Unknown,Unknown,Unknown,Yes,"2015-12-16 12:27:36",MCC-05,NULL,4
223,5753C815-44AB-4D8B-B910-84F33AB20BE4,Maybe,No,Maybe,Yes,Yes,Maybe,Yes,Yes,"2015-12-16 12:27:37",MCC-05,NULL,0
224,5753C815-44AB-4D8B-B910-84F33AB20BE4,No,No,Yes,Yes,Yes,Maybe,Yes,Yes,"2015-12-16 12:27:37",MCC-05,NULL,0
225,5753C815-44AB-4D8B-B910-84F33AB20BE4,No,No,Yes,Maybe,No,No,Yes,Yes,"2015-12-16 12:27:37",MCC-05,NULL,4
226,5753C815-44AB-4D8B-B910-84F33AB20BE4,Maybe,No,Yes,Yes,Yes,Maybe,Yes,Yes,"2015-12-16 12:27:37",MCC-05,NULL,0
227,5753C815-44AB-4D8B-B910-84F33AB20BE4,Unknown,No,Unknown,Unknown,Unknown,Unknown,Unknown,Yes,"2015-12-16 12:27:38",MCC-05,NULL,4
228,5753C815-44AB-4D8B-B910-84F33AB20BE4,No,No,Yes,Yes,Yes,Maybe,Yes,Yes,"2015-12-16 12:27:38",MCC-05,NULL,0
229,5753C815-44AB-4D8B-B910-84F33AB20BE4,Maybe,No,Yes,No,Yes,Maybe,Maybe,Yes,"2015-12-16 12:27:39",MCC-05,NULL,0
230,5753C815-44AB-4D8B-B910-84F33AB20BE4,No,Yes,Maybe,Maybe,Yes,Maybe,No,No,"2015-12-16 12:27:39",MCC-05,NULL,0
231,5753C815-44AB-4D8B-B910-84F33AB20BE4,Unknown,No,Unknown,Unknown,Unknown,Unknown,Unknown,Yes,"2015-12-16 12:27:39",MCC-05,NULL,5
232,5753C815-44AB-4D8B-B910-84F33AB20BE4,Unknown,No,Unknown,Unknown,Unknown,Unknown,Unknown,Yes,"2015-12-16 12:27:40",MCC-05,NULL,5
233,5753C815-44AB-4D8B-B910-84F33AB20BE4,Unknown,No,Unknown,Unknown,Unknown,Unknown,Unknown,Yes,"2015-12-16 12:27:40",MCC-05,NULL,5
234,5753C815-44AB-4D8B-B910-84F33AB20BE4,No,No,Yes,Maybe,No,Yes,Yes,Yes,"2015-12-16 12:27:40",MCC-05,NULL,5
235,5753C815-44AB-4D8B-B910-84F33AB20BE4,No,No,Yes,No,No,Yes,Yes,Yes,"2015-12-16 12:27:41",MCC-05,NULL,5
236,5753C815-44AB-4D8B-B910-84F33AB20BE4,Maybe,No,Yes,No,Yes,Yes,Yes,Yes,"2015-12-16 12:27:41",MCC-05,NULL,5
237,5753C815-44AB-4D8B-B910-84F33AB20BE4,Unknown,No,Unknown,Unknown,Unknown,Unknown,Unknown,Yes,"2015-12-16 12:27:41",MCC-05,NULL,0
238,5753C815-44AB-4D8B-B910-84F33AB20BE4,Unknown,No,Unknown,Unknown,Unknown,Unknown,Unknown,Yes,"2015-12-16 12:27:42",MCC-05,NULL,5
239,5753C815-44AB-4D8B-B910-84F33AB20BE4,Maybe,Maybe,No,No,No,Maybe,Yes,Maybe,"2015-12-16 12:27:43",MCC-05,NULL,3
240,5753C815-44AB-4D8B-B910-84F33AB20BE4,No,Maybe,No,No,No,No,Yes,Maybe,"2015-12-16 12:27:44",MCC-05,NULL,3
241,5753C815-44AB-4D8B-B910-84F33AB20BE4,No,Maybe,No,No,No,No,Yes,Maybe,"2015-12-16 12:27:44",MCC-05,NULL,3
242,5753C815-44AB-4D8B-B910-84F33AB20BE4,No,Yes,No,No,Yes,No,Yes,No,"2015-12-16 12:27:44",MCC-05,NULL,3
243,5753C815-44AB-4D8B-B910-84F33AB20BE4,Unknown,No,Unknown,Unknown,Unknown,Unknown,Unknown,Yes,"2015-12-16 12:27:45",MCC-05,NULL,4
244,5753C815-44AB-4D8B-B910-84F33AB20BE4,Unknown,No,Unknown,Unknown,Unknown,Unknown,Unknown,Yes,"2015-12-16 12:27:45",MCC-05,NULL,4
245,5753C815-44AB-4D8B-B910-84F33AB20BE4,No,Maybe,No,No,No,No,Yes,Maybe,"2015-12-16 12:27:45",MCC-05,NULL,3
246,5753C815-44AB-4D8B-B910-84F33AB20BE4,No,Yes,Yes,Yes,Maybe,No,Yes,No,"2015-12-16 12:27:46",MCC-05,NULL,4
247,5753C815-44AB-4D8B-B910-84F33AB20BE4,No,Yes,Yes,Maybe,Maybe,Maybe,Yes,No,"2015-12-16 12:27:46",MCC-05,NULL,4
248,5753C815-44AB-4D8B-B910-84F33AB20BE4,No,Maybe,Yes,Yes,No,No,Yes,Maybe,"2015-12-16 12:27:46",MCC-05,NULL,4
249,5753C815-44AB-4D8B-B910-84F33AB20BE4,No,Maybe,Yes,Yes,Maybe,Yes,Yes,Maybe,"2015-12-16 12:27:46",MCC-05,NULL,4
250,5753C815-44AB-4D8B-B910-84F33AB20BE4,No,No,Yes,Yes,Yes,Maybe,Yes,Maybe,"2015-12-16 12:27:47",MCC-05,NULL,4
251,5753C815-44AB-4D8B-B910-84F33AB20BE4,No,Maybe,Yes,Maybe,Maybe,No,Yes,Maybe,"2015-12-16 12:27:47",MCC-05,NULL,4
252,5753C815-44AB-4D8B-B910-84F33AB20BE4,No,Maybe,Yes,Yes,Maybe,No,Yes,Maybe,"2015-12-16 12:27:47",MCC-05,NULL,4
253,5753C815-44AB-4D8B-B910-84F33AB20BE4,No,Yes,Yes,No,Maybe,No,Yes,No,"2015-12-16 12:27:48",MCC-05,NULL,4
254,5753C815-44AB-4D8B-B910-84F33AB20BE4,No,Maybe,Yes,Yes,Maybe,Maybe,Yes,Maybe,"2015-12-16 12:27:48",MCC-05,NULL,4
255,5753C815-44AB-4D8B-B910-84F33AB20BE4,Maybe,No,Yes,Yes,Yes,No,Yes,Yes,"2015-12-16 12:27:48",MCC-05,NULL,4
256,5753C815-44AB-4D8B-B910-84F33AB20BE4,Unknown,No,Unknown,Unknown,Unknown,Unknown,Unknown,Yes,"2015-12-16 12:27:48",MCC-05,NULL,4
257,5753C815-44AB-4D8B-B910-84F33AB20BE4,No,Maybe,Yes,No,No,No,Yes,Maybe,"2015-12-16 12:27:49",MCC-05,NULL,4
258,5753C815-44AB-4D8B-B910-84F33AB20BE4,No,Maybe,Yes,No,No,No,Maybe,Maybe,"2015-12-16 12:27:49",MCC-05,NULL,4
259,5753C815-44AB-4D8B-B910-84F33AB20BE4,No,Maybe,Yes,No,No,No,No,Maybe,"2015-12-16 12:27:49",MCC-05,NULL,4
260,5753C815-44AB-4D8B-B910-84F33AB20BE4,No,Yes,Yes,No,No,No,No,No,"2015-12-16 12:27:49",MCC-05,NULL,4
261,5753C815-44AB-4D8B-B910-84F33AB20BE4,No,Yes,Yes,No,No,No,Maybe,No,"2015-12-16 12:27:50",MCC-05,NULL,4
262,5753C815-44AB-4D8B-B910-84F33AB20BE4,No,Yes,Yes,No,No,Yes,Yes,No,"2015-12-16 12:27:50",MCC-05,NULL,4
263,5753C815-44AB-4D8B-B910-84F33AB20BE4,Unknown,No,Unknown,Unknown,Unknown,Unknown,Unknown,Yes,"2015-12-16 12:27:50",MCC-05,NULL,4
264,5753C815-44AB-4D8B-B910-84F33AB20BE4,Unknown,No,Unknown,Unknown,Unknown,Unknown,Unknown,Yes,"2015-12-16 12:27:51",MCC-05,NULL,4
265,5753C815-44AB-4D8B-B910-84F33AB20BE4,No,Maybe,No,No,No,No,Yes,Maybe,"2015-12-16 12:27:51",MCC-05,NULL,3
266,5753C815-44AB-4D8B-B910-84F33AB20BE4,No,Maybe,No,No,No,Maybe,Yes,Maybe,"2015-12-16 12:27:51",MCC-05,NULL,3
267,5753C815-44AB-4D8B-B910-84F33AB20BE4,Unknown,No,Unknown,Unknown,Unknown,Unknown,Unknown,Yes,"2015-12-16 12:27:52",MCC-05,NULL,3
268,5753C815-44AB-4D8B-B910-84F33AB20BE4,Unknown,No,Unknown,Unknown,Unknown,Unknown,Unknown,Yes,"2015-12-16 12:27:52",MCC-05,NULL,3
269,5753C815-44AB-4D8B-B910-84F33AB20BE4,No,Maybe,Yes,No,No,Maybe,Yes,Maybe,"2015-12-16 12:27:53",MCC-05,NULL,3
270,5753C815-44AB-4D8B-B910-84F33AB20BE4,Maybe,No,No,Yes,Maybe,Yes,Yes,Yes,"2015-12-16 12:27:53",MCC-05,NULL,3
271,5753C815-44AB-4D8B-B910-84F33AB20BE4,Unknown,No,Unknown,Unknown,Unknown,Unknown,Unknown,Yes,"2015-12-16 12:27:54",MCC-05,NULL,4
272,5753C815-44AB-4D8B-B910-84F33AB20BE4,Yes,No,Yes,Yes,Yes,Yes,Yes,No,"2015-12-16 12:27:54",MCC-05,NULL,4
273,5753C815-44AB-4D8B-B910-84F33AB20BE4,Yes,No,Yes,Yes,Yes,Yes,Yes,No,"2015-12-16 12:27:54",MCC-05,NULL,4
274,5753C815-44AB-4D8B-B910-84F33AB20BE4,Yes,Yes,Yes,Yes,Maybe,Yes,Yes,No,"2015-12-16 12:27:54",MCC-05,NULL,4
275,5753C815-44AB-4D8B-B910-84F33AB20BE4,Yes,Yes,Yes,Yes,No,Yes,Yes,No,"2015-12-16 12:27:55",MCC-05,NULL,4
276,5753C815-44AB-4D8B-B910-84F33AB20BE4,Yes,Yes,Yes,Yes,No,Yes,Yes,No,"2015-12-16 12:27:55",MCC-05,NULL,4
277,5753C815-44AB-4D8B-B910-84F33AB20BE4,Yes,Yes,Maybe,Yes,No,Yes,Yes,No,"2015-12-16 12:27:55",MCC-05,NULL,3
278,5753C815-44AB-4D8B-B910-84F33AB20BE4,Yes,Maybe,Yes,No,No,Yes,Yes,Maybe,"2015-12-16 12:27:56",MCC-05,NULL,4
279,5753C815-44AB-4D8B-B910-84F33AB20BE4,Yes,Yes,Yes,No,No,Yes,Yes,No,"2015-12-16 12:27:56",MCC-05,NULL,4
280,5753C815-44AB-4D8B-B910-84F33AB20BE4,Yes,Yes,No,Yes,No,Yes,Yes,No,"2015-12-16 12:27:56",MCC-05,NULL,3
281,5753C815-44AB-4D8B-B910-84F33AB20BE4,Unknown,No,Unknown,Unknown,Unknown,Unknown,Unknown,Yes,"2015-12-16 12:27:57",MCC-05,NULL,4
282,5753C815-44AB-4D8B-B910-84F33AB20BE4,Unknown,No,Unknown,Unknown,Unknown,Unknown,Unknown,Yes,"2015-12-16 12:27:57",MCC-05,NULL,4
283,5753C815-44AB-4D8B-B910-84F33AB20BE4,Unknown,Maybe,Unknown,Unknown,Unknown,Unknown,Unknown,Maybe,"2015-12-16 12:27:57",MCC-05,NULL,4
284,5753C815-44AB-4D8B-B910-84F33AB20BE4,Yes,Maybe,Yes,No,No,Yes,Yes,Maybe,"2015-12-16 12:27:58",MCC-05,NULL,4
285,5753C815-44AB-4D8B-B910-84F33AB20BE4,Unknown,No,Unknown,Unknown,Unknown,Unknown,Unknown,Yes,"2015-12-16 12:27:58",MCC-05,NULL,4
286,5753C815-44AB-4D8B-B910-84F33AB20BE4,Maybe,Yes,No,Maybe,No,Maybe,No,No,"2015-12-16 12:27:58",MCC-05,NULL,3
287,5753C815-44AB-4D8B-B910-84F33AB20BE4,Yes,No,Yes,Yes,Maybe,Yes,Yes,Yes,"2015-12-16 12:27:59",MCC-05,NULL,4
288,5753C815-44AB-4D8B-B910-84F33AB20BE4,Yes,No,Yes,Maybe,Maybe,Yes,Yes,Yes,"2015-12-16 12:27:59",MCC-05,NULL,4
289,5753C815-44AB-4D8B-B910-84F33AB20BE4,Yes,No,Yes,Yes,Yes,Yes,Yes,Maybe,"2015-12-16 12:27:59",MCC-05,NULL,4
290,5753C815-44AB-4D8B-B910-84F33AB20BE4,Yes,No,Yes,Yes,Yes,Yes,Yes,Yes,"2015-12-16 12:28:00",MCC-05,NULL,4
291,5753C815-44AB-4D8B-B910-84F33AB20BE4,Yes,No,Yes,No,No,Yes,Yes,Yes,"2015-12-16 12:28:00",MCC-05,NULL,4
292,5753C815-44AB-4D8B-B910-84F33AB20BE4,Yes,No,Yes,Yes,Maybe,Yes,Yes,Yes,"2015-12-16 12:28:00",MCC-05,NULL,4
293,5753C815-44AB-4D8B-B910-84F33AB20BE4,Yes,Maybe,Yes,No,Maybe,Yes,Yes,Maybe,"2015-12-16 12:28:00",MCC-05,NULL,4
294,5753C815-44AB-4D8B-B910-84F33AB20BE4,Yes,No,Yes,Yes,No,Yes,Yes,Yes,"2015-12-16 12:28:01",MCC-05,NULL,4
295,5753C815-44AB-4D8B-B910-84F33AB20BE4,Yes,No,Yes,Yes,Yes,Yes,Yes,Maybe,"2015-12-16 12:28:01",MCC-05,NULL,4
296,5753C815-44AB-4D8B-B910-84F33AB20BE4,No,Yes,No,No,No,No,No,No,"2015-12-16 12:28:01",MCC-05,NULL,3
297,5753C815-44AB-4D8B-B910-84F33AB20BE4,Maybe,Yes,Yes,Yes,Maybe,Maybe,Yes,No,"2015-12-16 12:28:01",MCC-05,NULL,4
298,5753C815-44AB-4D8B-B910-84F33AB20BE4,No,Yes,Yes,Yes,No,No,Yes,No,"2015-12-16 12:28:02",MCC-05,NULL,4
299,5753C815-44AB-4D8B-B910-84F33AB20BE4,No,Yes,Yes,Yes,No,No,Yes,No,"2015-12-16 12:28:02",MCC-05,NULL,4
300,5753C815-44AB-4D8B-B910-84F33AB20BE4,No,Yes,Yes,Yes,No,Maybe,Yes,No,"2015-12-16 12:28:02",MCC-05,NULL,4
301,5753C815-44AB-4D8B-B910-84F33AB20BE4,No,Yes,Yes,Yes,No,No,Yes,No,"2015-12-16 12:28:03",MCC-05,NULL,4
302,5753C815-44AB-4D8B-B910-84F33AB20BE4,No,No,Yes,Yes,Yes,Maybe,Yes,Maybe,"2015-12-16 12:28:03",MCC-05,NULL,4
303,5753C815-44AB-4D8B-B910-84F33AB20BE4,Yes,No,Yes,Yes,Yes,Yes,Yes,Maybe,"2015-12-16 12:28:03",MCC-05,NULL,4
304,5753C815-44AB-4D8B-B910-84F33AB20BE4,Yes,No,Yes,Yes,Yes,Yes,Yes,Maybe,"2015-12-16 12:28:03",MCC-05,NULL,4
305,5753C815-44AB-4D8B-B910-84F33AB20BE4,Yes,No,Yes,Yes,Yes,Yes,Yes,Maybe,"2015-12-16 12:28:04",MCC-05,NULL,4
306,5753C815-44AB-4D8B-B910-84F33AB20BE4,Yes,Maybe,Yes,Yes,Maybe,Yes,Yes,Maybe,"2015-12-16 12:28:04",MCC-05,NULL,4
307,5753C815-44AB-4D8B-B910-84F33AB20BE4,No,Maybe,No,No,No,No,Maybe,Maybe,"2015-12-16 12:28:04",MCC-05,NULL,3
308,5753C815-44AB-4D8B-B910-84F33AB20BE4,No,Yes,No,No,No,No,Maybe,No,"2015-12-16 12:28:05",MCC-05,NULL,3
309,5753C815-44AB-4D8B-B910-84F33AB20BE4,No,Yes,No,No,No,No,Maybe,No,"2015-12-16 12:28:05",MCC-05,NULL,3
310,5753C815-44AB-4D8B-B910-84F33AB20BE4,No,Yes,Maybe,Yes,Maybe,Maybe,Yes,No,"2015-12-16 12:28:05",MCC-05,NULL,3
311,5753C815-44AB-4D8B-B910-84F33AB20BE4,Maybe,Maybe,Yes,Yes,No,Yes,Yes,Maybe,"2015-12-16 12:28:06",MCC-05,NULL,4
312,5753C815-44AB-4D8B-B910-84F33AB20BE4,Unknown,No,Unknown,Unknown,Unknown,Unknown,Unknown,Yes,"2015-12-16 12:28:07",MCC-05,NULL,4
